media_name,url,image_path,timestamp,country,factuality,trustworthiness,bias,genre,credibility,media_type,freedom_rating,traffic
247Sports,https://247sports.com,sample_snapshots_bias/247Sports.png,2026-06-10 18:40:09,,HIGH,1,LEAST BIASED,General News,HIGH CREDIBILITY,,MOSTLY FREE,
350 Australia,https://350.org.au,sample_snapshots_bias/350_Australia.png,2026-06-10 18:40:09,USA,HIGH,1,LEFT,Environmental Advocacy,HIGH CREDIBILITY,,MOSTLY FREE,
9 News,https://www.9news.com.au/,sample_snapshots_bias/9_News.png,2026-06-10 18:40:09,,HIGH,1,RIGHT-CENTER,General News,HIGH CREDIBILITY,TV,MOSTLY FREE,
Airdrie City View,https://airdriecityview.com,sample_snapshots_bias/Airdrie_City_View.png,2026-06-10 18:40:09,,HIGH,1,LEFT-CENTER,Local News,HIGH CREDIBILITY,,EXCELLENT,
Alabama Political Reporter,https://alreporter.com,sample_snapshots_bias/Alabama_Political_Reporter.png,2026-06-10 18:40:09,USA,HIGH,1,LEAST BIASED,Politics,HIGH CREDIBILITY,,MOSTLY FREE,
Alabama Reflector,https://alabamareflector.com,sample_snapshots_bias/Alabama_Reflector.png,2026-06-10 18:40:09,USA,HIGH,1,LEFT,Politics,HIGH CREDIBILITY,,MOSTLY FREE,
Albany Democrat-Herald,https://democratherald.com,sample_snapshots_bias/Albany_Democrat-Herald.png,2026-06-10 18:40:09,USA,HIGH,1,LEAST BIASED,Local News,HIGH CREDIBILITY,,MOSTLY FREE,
Alliance For Securing Democracy,https://securingdemocracy.gmfus.org,sample_snapshots_bias/Alliance_For_Securing_Democracy.png,2026-06-10 18:40:09,USA,HIGH,1,LEAST BIASED,Political Advocacy,HIGH CREDIBILITY,,MOSTLY FREE,
AlternativeNews.com,https://alternativenews.com,sample_snapshots_bias/AlternativeNews.com.png,2026-06-10 18:40:09,USA,LOW,0,RIGHT,Conspiracy,LOW CREDIBILITY,,MOSTLY FREE,
American Greatness,https://amgreatness.com,sample_snapshots_bias/American_Greatness_20260608_164638.png,2026-06-10 18:40:09,USA,MIXED,,RIGHT,Politics,MEDIUM CREDIBILITY,,MOSTLY FREE,
Analyzing America,https://analyzingamerica.org,sample_snapshots_bias/Analyzing_America_20260608_164936.png,2026-06-10 18:40:09,USA,MIXED,,RIGHT,Conspiracy,LOW CREDIBILITY,,MOSTLY FREE,
Answers in Genesis,https://answersingenesis.org,sample_snapshots_bias/Answers_in_Genesis.png,2026-06-10 18:40:09,USA,LOW,0,RIGHT,Pseudoscience,LOW CREDIBILITY,,MOSTLY FREE,
Antelope Valley Today,https://antelopevalleytoday.com,sample_snapshots_bias/Antelope_Valley_Today_20260608_165116.png,2026-06-10 18:40:09,USA,MIXED,,RIGHT-CENTER,Imposter/Pink Slime,LOW CREDIBILITY,,,
Argus Leader,https://argusleader.com,sample_snapshots_bias/Argus_Leader.png,2026-06-10 18:40:09,USA,HIGH,1,RIGHT-CENTER,Local News,HIGH CREDIBILITY,,MOSTLY FREE,
Ars Technica,https://arstechnica.com,sample_snapshots_bias/Ars_Technica.png,2026-06-10 18:40:09,USA,HIGH,1,LEAST BIASED,Technology,HIGH CREDIBILITY,,MOSTLY FREE,
Auburn Reporter,https://auburn-reporter.com,sample_snapshots_bias/Auburn_Reporter.png,2026-06-10 18:40:09,USA,HIGH,1,LEAST BIASED,Local News,HIGH CREDIBILITY,,MOSTLY FREE,
Bartlesville Examiner-Enterprise,https://examiner-enterprise.com,sample_snapshots_bias/Bartlesville_Examiner-Enterprise.png,2026-06-10 18:40:09,USA,HIGH,1,LEFT-CENTER,Local News,HIGH CREDIBILITY,,,
Battle Creek Enquirer,https://battlecreekenquirer.com,sample_snapshots_bias/Battle_Creek_Enquirer.png,2026-06-10 18:40:09,USA,HIGH,1,LEFT-CENTER,Local News,HIGH CREDIBILITY,,MOSTLY FREE,
Baxter Bulletin,https://baxterbulletin.com,sample_snapshots_bias/Baxter_Bulletin.png,2026-06-10 18:40:09,USA,HIGH,1,LEFT-CENTER,Local News,HIGH CREDIBILITY,,,
"Berkley Center for Religion, Peace & World Affairs",https://berkleycenter.georgetown.edu,sample_snapshots_bias/Berkley_Center_for_Religion_Peace_World_Affairs.png,2026-06-10 18:40:09,USA,HIGH,1,LEFT-CENTER,Political Advocacy,HIGH CREDIBILITY,,,
Bigfork Eagle,https://bigforkeagle.com,sample_snapshots_bias/Bigfork_Eagle.png,2026-06-10 18:40:09,USA,HIGH,1,LEAST BIASED,Local News,HIGH CREDIBILITY,,MOSTLY FREE,
BizPac Review,https://bizpacreview.com,sample_snapshots_bias/BizPac_Review_20260608_170421.png,2026-06-10 18:40:09,USA,MIXED,,RIGHT,Politics,MEDIUM CREDIBILITY,,,
Blabber Buzz,https://blabber.buzz,sample_snapshots_bias/Blabber_Buzz_20260608_170454.png,2026-06-10 18:40:09,USA,MIXED,,RIGHT,Politics,MEDIUM CREDIBILITY,,,
Black Agenda Report,https://blackagendareport.com,sample_snapshots_bias/Black_Agenda_Report_20260608_170501.png,2026-06-10 18:40:09,USA,MIXED,,LEFT,General News,MEDIUM CREDIBILITY,,MOSTLY FREE,
Bloomington Herald-Times,https://heraldtimesonline.com,sample_snapshots_bias/Bloomington_Herald-Times.png,2026-06-10 18:40:09,USA,HIGH,1,LEFT-CENTER,Local News,HIGH CREDIBILITY,,,
Borgen Magazine,https://borgenmagazine.com,sample_snapshots_bias/Borgen_Magazine.png,2026-06-10 18:40:09,USA,HIGH,1,LEFT-CENTER,Politics,HIGH CREDIBILITY,,MOSTLY FREE,
Boston Globe,https://bostonglobe.com,sample_snapshots_bias/Boston_Globe.png,2026-06-10 18:40:09,USA,HIGH,1,LEFT-CENTER,General News,HIGH CREDIBILITY,,,
Boston Review,https://bostonreview.net,sample_snapshots_bias/Boston_Review.png,2026-06-10 18:40:09,USA,HIGH,1,LEFT,General News,HIGH CREDIBILITY,,,
Boundless,https://boundless.com,sample_snapshots_bias/Boundless.png,2026-06-10 18:40:09,USA,HIGH,1,LEFT-CENTER,Political Advocacy,HIGH CREDIBILITY,,MOSTLY FREE,
C-StoreDive,https://cstoredive.com,sample_snapshots_bias/C-StoreDive.png,2026-06-10 18:40:09,USA,HIGH,1,LEAST BIASED,General News,HIGH CREDIBILITY,,MOSTLY FREE,
CDC.News,https://cdc.news,sample_snapshots_bias/CDC.News.png,2026-06-10 18:40:09,USA,VERY LOW,0,RIGHT,Pseudoscience,LOW CREDIBILITY,,,
CNET,https://cnet.com,sample_snapshots_bias/CNET.png,2026-06-10 18:40:09,USA,HIGH,1,LEAST BIASED,Technology,HIGH CREDIBILITY,,,
CaliforniaCollapse.News,https://californiacollapse.news,sample_snapshots_bias/CaliforniaCollapse.News.png,2026-06-10 18:40:09,USA,VERY LOW,0,RIGHT,Conspiracy,LOW CREDIBILITY,,,
Canadian Dimension,https://canadiandimension.com,sample_snapshots_bias/Canadian_Dimension_20260608_172254.png,2026-06-10 18:40:09,,MIXED,,LEFT,Politics,MEDIUM CREDIBILITY,,EXCELLENT,
Capital Gazette,https://capitalgazette.com,sample_snapshots_bias/Capital_Gazette.png,2026-06-10 18:40:09,USA,HIGH,1,LEFT-CENTER,Local News,HIGH CREDIBILITY,,,
Carolina Public Press,https://carolinapublicpress.org,sample_snapshots_bias/Carolina_Public_Press.png,2026-06-10 18:40:09,USA,HIGH,1,LEFT-CENTER,Politics,HIGH CREDIBILITY,,,
Center for Immigration Studies,https://cis.org,sample_snapshots_bias/Center_for_Immigration_Studies.png,2026-06-10 18:40:09,USA,LOW,0,RIGHT,Conspiracy,LOW CREDIBILITY,,MOSTLY FREE,
Center for Law and Social Policy,https://clasp.org,sample_snapshots_bias/Center_for_Law_and_Social_Policy.png,2026-06-10 18:40:09,USA,HIGH,1,LEFT,Political Advocacy,HIGH CREDIBILITY,,MOSTLY FREE,
Center for Popular Democracy,https://populardemocracy.org,sample_snapshots_bias/Center_for_Popular_Democracy.png,2026-06-10 18:40:09,USA,HIGH,1,LEFT-CENTER,Political Advocacy,HIGH CREDIBILITY,,,
Center for Security Policy,https://centerforsecuritypolicy.org,sample_snapshots_bias/Center_for_Security_Policy_20260608_172746.png,2026-06-10 18:40:09,USA,MIXED,,RIGHT,Conspiracy,LOW CREDIBILITY,,,
Center for Union Facts,https://unionfacts.com,sample_snapshots_bias/Center_for_Union_Facts_20260608_172811.png,2026-06-10 18:40:09,USA,MIXED,,RIGHT,Political Advocacy,MEDIUM CREDIBILITY,,MOSTLY FREE,
Center for a Stateless Society,https://c4ss.org,sample_snapshots_bias/Center_for_a_Stateless_Society_20260608_172908.png,2026-06-10 18:40:09,USA,MIXED,,LEFT,Political Advocacy,MEDIUM CREDIBILITY,,MOSTLY FREE,
Champaign News-Gazette,https://news-gazette.com,sample_snapshots_bias/Champaign_News-Gazette.png,2026-06-10 18:40:09,USA,HIGH,1,RIGHT-CENTER,Local News,HIGH CREDIBILITY,,MOSTLY FREE,
Chillicothe Gazette,https://chillicothegazette.com,sample_snapshots_bias/Chillicothe_Gazette.png,2026-06-10 18:40:09,USA,HIGH,1,LEFT-CENTER,Local News,HIGH CREDIBILITY,,,
China Daily,https://chinadaily.com.cn,sample_snapshots_bias/China_Daily_20260608_173320.png,2026-06-10 18:40:09,,MIXED,,LEFT,General News,LOW CREDIBILITY,,,
Christian Science,https://christianscience.com,sample_snapshots_bias/Christian_Science.png,2026-06-10 18:40:09,USA,LOW,0,RIGHT,Pseudoscience,LOW CREDIBILITY,,,
Citizen Free Press,https://citizenfreepress.com,sample_snapshots_bias/Citizen_Free_Press_20260608_173519.png,2026-06-10 18:40:09,USA,MIXED,,RIGHT,General News,MEDIUM CREDIBILITY,,MOSTLY FREE,
Civiqs,https://civiqs.com,sample_snapshots_bias/Civiqs.png,2026-06-10 18:40:09,USA,HIGH,1,LEFT,Pollsters,HIGH CREDIBILITY,,,
Clark Fork Valley Press,https://vp-mi.com,sample_snapshots_bias/Clark_Fork_Valley_Press.png,2026-06-10 18:40:09,,HIGH,1,LEAST BIASED,Local News,HIGH CREDIBILITY,,MOSTLY FREE,
Columbia Journalism Review,https://cjr.org,sample_snapshots_bias/Columbia_Journalism_Review.png,2026-06-10 18:40:09,USA,HIGH,1,LEFT-CENTER,General News,HIGH CREDIBILITY,,,
CommonWealth Beacon,https://commonwealthbeacon.org,sample_snapshots_bias/CommonWealth_Beacon.png,2026-06-10 18:40:09,USA,HIGH,1,LEFT,Politics,HIGH CREDIBILITY,,MOSTLY FREE,
Conservative Fighters,https://cf.org,sample_snapshots_bias/Conservative_Fighters_20260608_174340.png,2026-06-10 18:40:09,USA,MIXED,,RIGHT,Conspiracy,LOW CREDIBILITY,,,
Consumer Reports,https://consumerreports.org,sample_snapshots_bias/Consumer_Reports.png,2026-06-10 18:40:09,USA,HIGH,1,LEAST BIASED,General News,HIGH CREDIBILITY,,MOSTLY FREE,
Cosmopolitan,https://cosmopolitan.com,sample_snapshots_bias/Cosmopolitan_20260608_174703.png,2026-06-10 18:40:09,USA,MIXED,,LEFT,General News,MEDIUM CREDIBILITY,,MOSTLY FREE,
CounterCurrents.org,https://countercurrents.org,sample_snapshots_bias/CounterCurrents.org_20260608_174737.png,2026-06-10 18:40:09,,MIXED,,LEFT,Politics,HIGH CREDIBILITY,,MODERATE FREEDOM,
Current Affairs,https://currentaffairs.org,sample_snapshots_bias/Current_Affairs.png,2026-06-10 18:40:09,USA,HIGH,1,LEFT,General News,HIGH CREDIBILITY,,MOSTLY FREE,
Daily Dot,https://dailydot.com,sample_snapshots_bias/Daily_Dot.png,2026-06-10 18:40:09,USA,HIGH,1,LEFT,General News,HIGH CREDIBILITY,,MOSTLY FREE,
Daily Express,https://express.co.uk,sample_snapshots_bias/Daily_Express_20260608_175201.png,2026-06-10 18:40:09,,MIXED,,RIGHT,General News,MEDIUM CREDIBILITY,,,
Data for Progress,https://dataforprogress.org,sample_snapshots_bias/Data_for_Progress.png,2026-06-10 18:40:09,USA,HIGH,1,LEFT-CENTER,Political Advocacy,HIGH CREDIBILITY,,MOSTLY FREE,
DeSmog,https://desmog.com,sample_snapshots_bias/DeSmog.png,2026-06-10 18:40:09,,HIGH,1,LEFT,Environmental Advocacy,HIGH CREDIBILITY,,,
Deadspin,https://deadspin.com,sample_snapshots_bias/Deadspin.png,2026-06-10 18:40:09,USA,HIGH,1,LEFT,General News,HIGH CREDIBILITY,,MOSTLY FREE,
Decatur Times,https://decaturtimes.com,sample_snapshots_bias/Decatur_Times_20260608_175847.png,2026-06-10 18:40:09,USA,MIXED,,RIGHT-CENTER,Imposter/Pink Slime,LOW CREDIBILITY,,,
Democracy Fund Voice,https://democracyfundvoice.org,sample_snapshots_bias/Democracy_Fund_Voice.png,2026-06-10 18:40:09,USA,HIGH,1,LEFT-CENTER,PAC/SuperPACS,HIGH CREDIBILITY,,MOSTLY FREE,
Detroit Free Press,https://freep.com,sample_snapshots_bias/Detroit_Free_Press.png,2026-06-10 18:40:09,USA,HIGH,1,LEFT-CENTER,Local News,HIGH CREDIBILITY,,,
Digg,https://digg.com,sample_snapshots_bias/Digg_20260608_180438.png,2026-06-10 18:40:09,USA,MIXED,,LEFT-CENTER,General News,HIGH CREDIBILITY,,,
Digital Research,https://digitalresearch.com,sample_snapshots_bias/Digital_Research_20260608_180448.png,2026-06-10 18:40:09,,MIXED,,LEAST BIASED,Pollsters,MEDIUM CREDIBILITY,,MOSTLY FREE,
Diply,https://diply.com,sample_snapshots_bias/Diply_20260608_180506.png,2026-06-10 18:40:09,,MIXED,,LEFT-CENTER,General News,MEDIUM CREDIBILITY,,EXCELLENT,
Disclose TV,https://disclose.tv,sample_snapshots_bias/Disclose_TV_20260608_180511.png,2026-06-10 18:40:09,,MIXED,,RIGHT,Conspiracy,LOW CREDIBILITY,,,
Dissent Magazine,https://dissentmagazine.org,sample_snapshots_bias/Dissent_Magazine.png,2026-06-10 18:40:09,USA,HIGH,1,LEFT,Politics,HIGH CREDIBILITY,,MOSTLY FREE,
District of Columbia Business Daily,https://businessdailynetwork.com/states/dc,sample_snapshots_bias/District_of_Columbia_Business_Daily_20260608_180615.png,2026-06-10 18:40:09,USA,MIXED,,RIGHT-CENTER,Imposter/Pink Slime,LOW CREDIBILITY,,MOSTLY FREE,
Drudge Retort,https://drudge.com,sample_snapshots_bias/Drudge_Retort_20260608_180926.png,2026-06-10 18:40:09,USA,MIXED,,LEFT,General News,MEDIUM CREDIBILITY,,MOSTLY FREE,
Duluth News Tribune,https://duluthnewstribune.com,sample_snapshots_bias/Duluth_News_Tribune.png,2026-06-10 18:40:09,USA,HIGH,1,LEAST BIASED,Local News,HIGH CREDIBILITY,,MOSTLY FREE,
East Hillsborough News,https://easthillsboroughnews.com,sample_snapshots_bias/East_Hillsborough_News_20260608_181426.png,2026-06-10 18:40:09,USA,MIXED,,RIGHT-CENTER,Imposter/Pink Slime,LOW CREDIBILITY,,,
East SFV Today,https://eastsfvtoday.com,sample_snapshots_bias/East_SFV_Today_20260608_181732.png,2026-06-10 18:40:09,USA,MIXED,,RIGHT-CENTER,Imposter/Pink Slime,LOW CREDIBILITY,,,
East San Diego News,https://eastsandiegonews.com,sample_snapshots_bias/East_San_Diego_News_20260608_181735.png,2026-06-10 18:40:09,USA,MIXED,,RIGHT-CENTER,Imposter/Pink Slime,LOW CREDIBILITY,,,
Easton Gazette,https://eastongazette.com,sample_snapshots_bias/Easton_Gazette.png,2026-06-10 18:40:09,USA,LOW,0,RIGHT,Imposter/Pink Slime,LOW CREDIBILITY,,MOSTLY FREE,
Ecowatch,https://ecowatch.com,sample_snapshots_bias/Ecowatch_20260608_181859.png,2026-06-10 18:40:09,USA,MIXED,,LEFT,Environmental Advocacy,MEDIUM CREDIBILITY,,,
Education Daily Wire,https://educationdailywire.com,sample_snapshots_bias/Education_Daily_Wire_20260608_181911.png,2026-06-10 18:40:09,USA,MIXED,,RIGHT-CENTER,Imposter/Pink Slime,LOW CREDIBILITY,,MOSTLY FREE,
Egberto Willies,https://egbertowillies.com,sample_snapshots_bias/Egberto_Willies.png,2026-06-10 18:40:09,USA,HIGH,1,LEFT,Politics,HIGH CREDIBILITY,,,
Electronic Intifada,https://electronicintifada.net,sample_snapshots_bias/Electronic_Intifada_20260608_181940.png,2026-06-10 18:40:09,USA,MIXED,,LEFT,Political Advocacy,MEDIUM CREDIBILITY,,MOSTLY FREE,
Elite Daily,https://elitedaily.com,sample_snapshots_bias/Elite_Daily_20260608_181944.png,2026-06-10 18:40:09,USA,MIXED,,LEFT,Entertainment,MEDIUM CREDIBILITY,,MOSTLY FREE,
Everytown for Gun Safety,https://everytown.org,sample_snapshots_bias/Everytown_for_Gun_Safety_20260608_182638.png,2026-06-10 18:40:09,USA,MIXED,,LEFT,Political Advocacy,LOW CREDIBILITY,,MOSTLY FREE,
FairPlanet,https://fairplanet.org,sample_snapshots_bias/FairPlanet_20260608_182845.png,2026-06-10 18:40:09,,MIXED,,LEFT,Environmental Advocacy,MEDIUM CREDIBILITY,,MOSTLY FREE,
Fairport Educational Alliance,https://fairporteducationalalliance.org,sample_snapshots_bias/Fairport_Educational_Alliance_20260608_182936.png,2026-06-10 18:40:09,USA,MIXED,,RIGHT,Conspiracy,LOW CREDIBILITY,,,
Faith & Freedom Coalition,https://ffcoalition.com,sample_snapshots_bias/Faith_Freedom_Coalition_20260608_183027.png,2026-06-10 18:40:09,USA,MIXED,,RIGHT,Religious Advocacy,MEDIUM CREDIBILITY,,MOSTLY FREE,
FashionDive,https://fashiondive.com,sample_snapshots_bias/FashionDive.png,2026-06-10 18:40:09,USA,HIGH,1,LEAST BIASED,General News,HIGH CREDIBILITY,,MOSTLY FREE,
Fight the New Drug,https://fightthenewdrug.org,sample_snapshots_bias/Fight_the_New_Drug_20260608_183510.png,2026-06-10 18:40:09,USA,MIXED,,RIGHT,Political Advocacy,MEDIUM CREDIBILITY,,MOSTLY FREE,
First State Times,https://firststatetimes.com,sample_snapshots_bias/First_State_Times_20260608_183646.png,2026-06-10 18:40:09,USA,MIXED,,RIGHT-CENTER,Imposter/Pink Slime,LOW CREDIBILITY,,,
First Things Magazine,https://firstthings.com,sample_snapshots_bias/First_Things_Magazine_20260608_183710.png,2026-06-10 18:40:09,USA,MIXED,,RIGHT,Political Advocacy,MEDIUM CREDIBILITY,,MOSTLY FREE,
Florida's Voice,https://flvoicenews.com,sample_snapshots_bias/Florida_s_Voice_20260608_183841.png,2026-06-10 18:40:09,USA,MIXED,,RIGHT,Politics,MEDIUM CREDIBILITY,,MOSTLY FREE,
Geopolitical Economy Report,https://geopoliticaleconomy.com,sample_snapshots_bias/Geopolitical_Economy_Report_20260608_185626.png,2026-06-10 18:40:09,USA,MIXED,,LEFT,Conspiracy,LOW CREDIBILITY,,MOSTLY FREE,
Georgia Business Daily,https://businessdailynetwork.com/states/ga,sample_snapshots_bias/Georgia_Business_Daily_20260608_185711.png,2026-06-10 18:40:09,USA,MIXED,,RIGHT-CENTER,Imposter/Pink Slime,LOW CREDIBILITY,,MOSTLY FREE,
Gephardt Daily,https://gephardtdaily.com,sample_snapshots_bias/Gephardt_Daily.png,2026-06-10 18:40:09,,HIGH,1,LEAST BIASED,General News,HIGH CREDIBILITY,,MOSTLY FREE,
Glacier Country News,https://glaciercountrynews.com,sample_snapshots_bias/Glacier_Country_News_20260608_185844.png,2026-06-10 18:40:09,USA,MIXED,,RIGHT-CENTER,Imposter/Pink Slime,LOW CREDIBILITY,,,
Gloucester Today,https://gloucestertoday.com,sample_snapshots_bias/Gloucester_Today_20260608_185909.png,2026-06-10 18:40:09,USA,MIXED,,RIGHT-CENTER,Imposter/Pink Slime,LOW CREDIBILITY,,,
Granite Post,https://granitepostnews.com,sample_snapshots_bias/Granite_Post_20260608_190134.png,2026-06-10 18:40:09,USA,MIXED,,LEFT-CENTER,Imposter/Pink Slime,LOW CREDIBILITY,,MOSTLY FREE,
GroceryDive,https://grocerydive.com,sample_snapshots_bias/GroceryDive.png,2026-06-10 18:40:09,USA,HIGH,1,LEAST BIASED,General News,HIGH CREDIBILITY,,MOSTLY FREE,
Grundy Reporter,https://grundyreporter.com,sample_snapshots_bias/Grundy_Reporter_20260608_190715.png,2026-06-10 18:40:09,USA,MIXED,,RIGHT-CENTER,Imposter/Pink Slime,LOW CREDIBILITY,,,
Gwinnett Daily Post,https://gwinnettdailypost.com,sample_snapshots_bias/Gwinnett_Daily_Post.png,2026-06-10 18:40:09,,HIGH,1,LEAST BIASED,Local News,HIGH CREDIBILITY,,MOSTLY FREE,
Housatonic Valley News,https://housatonicvalleynews.com,sample_snapshots_bias/Housatonic_Valley_News_20260608_192521.png,2026-06-10 18:40:09,USA,MIXED,,RIGHT-CENTER,Imposter/Pink Slime,LOW CREDIBILITY,,,
Illinois Valley Times,https://illinoisvalleytimes.com,sample_snapshots_bias/Illinois_Valley_Times_20260608_192957.png,2026-06-10 18:40:09,USA,MIXED,,RIGHT-CENTER,Imposter/Pink Slime,LOW CREDIBILITY,,,
Inkstick Media,https://inkstickmedia.com,sample_snapshots_bias/Inkstick_Media_20260608_193908.png,2026-06-10 18:40:09,USA,MIXED,,LEFT,Political Advocacy,HIGH CREDIBILITY,,MOSTLY FREE,
Insider.co.uk,https://insider.co.uk,sample_snapshots_bias/Insider.co.uk_20260608_194045.png,2026-06-10 18:40:09,,MIXED,,LEAST BIASED,Economics/Finance,HIGH CREDIBILITY,,MOSTLY FREE,
J Street,https://jstreet.org,sample_snapshots_bias/J_Street.png,2026-06-10 18:40:09,USA,HIGH,1,LEFT-CENTER,PAC/SuperPACS,HIGH CREDIBILITY,,MOSTLY FREE,
Jewish Policy Center,https://jewishpolicycenter.org,sample_snapshots_bias/Jewish_Policy_Center_20260608_195005.png,2026-06-10 18:40:09,USA,MIXED,,RIGHT,Political Advocacy,MEDIUM CREDIBILITY,,MOSTLY FREE,
Jewish Telegraphic Agency,https://www.jta.org/,sample_snapshots_bias/Jewish_Telegraphic_Agency.png,2026-06-10 18:40:09,USA,HIGH,1,LEAST BIASED,General News,HIGH CREDIBILITY,,MOSTLY FREE,
K-12 Dive,https://k12dive.com,sample_snapshots_bias/K-12_Dive.png,2026-06-10 18:40:09,USA,HIGH,1,LEAST BIASED,Education,HIGH CREDIBILITY,,MOSTLY FREE,
KRCG - NPR - Santa Rosa,https://norcalpublicmedia.org,sample_snapshots_bias/KRCG_-_NPR_-_Santa_Rosa.png,2026-06-10 18:40:09,USA,HIGH,1,LEFT-CENTER,General News,HIGH CREDIBILITY,,MOSTLY FREE,
KSFO - 560 AM - San Francisco,https://ksfo.com,sample_snapshots_bias/KSFO_-_560_AM_-_San_Francisco_20260608_195615.png,2026-06-10 18:40:09,USA,MIXED,,RIGHT,Politics,MEDIUM CREDIBILITY,,MOSTLY FREE,
Kentucky Lantern,https://kentuckylantern.com,sample_snapshots_bias/Kentucky_Lantern.png,2026-06-10 18:40:09,USA,HIGH,1,LEFT,Politics,HIGH CREDIBILITY,,MOSTLY FREE,
LA Harbor News,https://laharbornews.com,sample_snapshots_bias/LA_Harbor_News_20260608_195933.png,2026-06-10 18:40:09,USA,MIXED,,RIGHT-CENTER,Imposter/Pink Slime,LOW CREDIBILITY,,,
League of Conservation Voters,https://lcv.org,sample_snapshots_bias/League_of_Conservation_Voters_20260608_200323.png,2026-06-10 18:40:09,USA,MIXED,,LEFT,Environmental Advocacy,MEDIUM CREDIBILITY,,,
Liberty & Law,https://lawliberty.org,sample_snapshots_bias/Liberty_Law.png,2026-06-10 18:40:09,USA,HIGH,1,RIGHT,Political Advocacy,HIGH CREDIBILITY,,MOSTLY FREE,
LifeWire,https://lifewire.com,sample_snapshots_bias/LifeWire.png,2026-06-10 18:40:09,USA,HIGH,1,LEAST BIASED,Technology,HIGH CREDIBILITY,,MOSTLY FREE,
MEAWW,https://meaww.com,sample_snapshots_bias/MEAWW_20260608_200702.png,2026-06-10 18:40:09,,MIXED,,RIGHT-CENTER,Entertainment,HIGH CREDIBILITY,,MODERATE FREEDOM,
Malvern Gazette,https://malverngazette.co.uk,sample_snapshots_bias/Malvern_Gazette.png,2026-06-10 18:40:09,,HIGH,1,LEAST BIASED,Local News,HIGH CREDIBILITY,,MOSTLY FREE,
Manatee Review,https://manateereview.com,sample_snapshots_bias/Manatee_Review_20260608_200933.png,2026-06-10 18:40:09,USA,MIXED,,RIGHT-CENTER,Imposter/Pink Slime,LOW CREDIBILITY,,,
Mansfield Times,https://mansfieldtimes.com,sample_snapshots_bias/Mansfield_Times_20260608_200956.png,2026-06-10 18:40:09,USA,MIXED,,RIGHT-CENTER,Imposter/Pink Slime,LOW CREDIBILITY,,MOSTLY FREE,
Metro Lex News,https://metrolexnews.com,sample_snapshots_bias/Metro_Lex_News_20260608_201336.png,2026-06-10 18:40:09,USA,MIXED,,RIGHT-CENTER,Imposter/Pink Slime,LOW CREDIBILITY,,,
Mexico Daily Post,https://mexicodailypost.com,sample_snapshots_bias/Mexico_Daily_Post_20260608_201414.png,2026-06-10 18:40:09,,MIXED,,LEFT-CENTER,Imposter/Pink Slime,LOW CREDIBILITY,,,
Miami Independent,https://miamiindependent.com,sample_snapshots_bias/Miami_Independent.png,2026-06-10 18:40:09,USA,LOW,0,RIGHT,Imposter/Pink Slime,LOW CREDIBILITY,,MOSTLY FREE,
Modern Diplomacy,https://moderndiplomacy.eu,sample_snapshots_bias/Modern_Diplomacy_20260608_201829.png,2026-06-10 18:40:09,,MIXED,,RIGHT,Politics,MEDIUM CREDIBILITY,,,
Monthly Review,https://monthlyreview.org,sample_snapshots_bias/Monthly_Review_20260608_202019.png,2026-06-10 18:40:09,USA,MIXED,,LEFT,Politics,MEDIUM CREDIBILITY,,MOSTLY FREE,
MoveOn,https://front.moveon.org,sample_snapshots_bias/MoveOn_20260608_202224.png,2026-06-10 18:40:09,USA,MIXED,,LEFT,Political Advocacy,LOW CREDIBILITY,,MOSTLY FREE,
NTD.TV,https://www.ntd.com/news,sample_snapshots_bias/NTD.TV_20260608_203040.png,2026-06-10 18:40:09,USA,MIXED,,RIGHT,General News,LOW CREDIBILITY,TV,,
New Lines Magazine,https://newlinesmag.com,sample_snapshots_bias/New_Lines_Magazine.png,2026-06-10 18:40:09,USA,HIGH,1,LEFT-CENTER,General News,HIGH CREDIBILITY,,MOSTLY FREE,
NewsLaundry,https://newslaundry.com,sample_snapshots_bias/NewsLaundry_20260608_204109.png,2026-06-10 18:40:09,,MIXED,,LEFT-CENTER,General News,HIGH CREDIBILITY,,MODERATE FREEDOM,
No Labels,https://nolabels.org,sample_snapshots_bias/No_Labels.png,2026-06-10 18:40:09,USA,HIGH,1,LEAST BIASED,Politics,HIGH CREDIBILITY,,,
North Coast California News,https://northcoastcanews.com,sample_snapshots_bias/North_Coast_California_News_20260608_204657.png,2026-06-10 18:40:09,USA,MIXED,,RIGHT-CENTER,Imposter/Pink Slime,LOW CREDIBILITY,,,
North Dakota Monitor,https://northdakotamonitor.com,sample_snapshots_bias/North_Dakota_Monitor.png,2026-06-10 18:40:09,USA,HIGH,1,LEFT,Politics,HIGH CREDIBILITY,,MOSTLY FREE,
North Guilford News,https://northguilfordnews.com,sample_snapshots_bias/North_Guilford_News_20260608_204847.png,2026-06-10 18:40:09,USA,MIXED,,RIGHT-CENTER,Imposter/Pink Slime,LOW CREDIBILITY,,MOSTLY FREE,
North Jefferson County News,https://northjeffconews.com,sample_snapshots_bias/North_Jefferson_County_News_20260608_205006.png,2026-06-10 18:40:09,USA,MIXED,,RIGHT-CENTER,Imposter/Pink Slime,LOW CREDIBILITY,,,
North Orlando News,https://northorlandonews.com,sample_snapshots_bias/North_Orlando_News_20260608_205255.png,2026-06-10 18:40:09,USA,MIXED,,RIGHT-CENTER,Imposter/Pink Slime,LOW CREDIBILITY,,,
North Wales Chronicle,https://northwaleschronicle.co.uk,sample_snapshots_bias/North_Wales_Chronicle.png,2026-06-10 18:40:09,,HIGH,1,LEAST BIASED,Local News,HIGH CREDIBILITY,,MOSTLY FREE,
Northwest Florida Daily News,https://nwfdailynews.com,sample_snapshots_bias/Northwest_Florida_Daily_News.png,2026-06-10 18:40:09,USA,HIGH,1,LEAST BIASED,Local News,HIGH CREDIBILITY,,MOSTLY FREE,
Nunavut News,https://nunavutnews.com,sample_snapshots_bias/Nunavut_News.png,2026-06-10 18:40:09,,HIGH,1,LEFT-CENTER,Local News,HIGH CREDIBILITY,,EXCELLENT,
Organisation for Economic Co-operation and Development,https://oecd.org,sample_snapshots_bias/Organisation_for_Economic_Co-operation_and_Development.png,2026-06-10 18:40:09,,HIGH,1,LEAST BIASED,Political Advocacy,HIGH CREDIBILITY,,MOSTLY FREE,
Pandemic News,https://pandemic.news,sample_snapshots_bias/Pandemic_News.png,2026-06-10 18:40:09,USA,VERY LOW,0,RIGHT,Conspiracy,LOW CREDIBILITY,,,
Paris Star,https://parisstaronline.com,sample_snapshots_bias/Paris_Star.png,2026-06-10 18:40:09,,HIGH,1,RIGHT-CENTER,Local News,HIGH CREDIBILITY,,EXCELLENT,
Pennsylvania Independent,https://pennsylvaniaindependent.com,sample_snapshots_bias/Pennsylvania_Independent_20260608_210850.png,2026-06-10 18:40:09,USA,MIXED,,LEFT,Imposter/Pink Slime,LOW CREDIBILITY,,,
Penticton Western News,https://pentictonwesternnews.com,sample_snapshots_bias/Penticton_Western_News.png,2026-06-10 18:40:09,,HIGH,1,LEFT-CENTER,Local News,HIGH CREDIBILITY,,EXCELLENT,
Peoples Gazette,https://gazettengr.com,sample_snapshots_bias/Peoples_Gazette_20260608_210913.png,2026-06-10 18:40:09,,MIXED,,LEAST BIASED,General News,MEDIUM CREDIBILITY,,LIMITED FREEDOM,
PharmaVoice,https://pharmavoice.com,sample_snapshots_bias/PharmaVoice.png,2026-06-10 18:40:09,USA,HIGH,1,LEAST BIASED,General News,HIGH CREDIBILITY,,MOSTLY FREE,
Political Animal News,https://politicalanimalnews.com,sample_snapshots_bias/Political_Animal_News_20260608_211117.png,2026-06-10 18:40:09,USA,MIXED,,RIGHT,Imposter/Pink Slime,LOW CREDIBILITY,,,
Political Tribune,https://tribunemag.co.uk/,sample_snapshots_bias/Political_Tribune_20260608_211136.png,2026-06-10 18:40:09,USA,MIXED,,LEFT,Politics,MEDIUM CREDIBILITY,,,
Ponoka News,https://ponokanews.com,sample_snapshots_bias/Ponoka_News.png,2026-06-10 18:40:09,,HIGH,1,LEFT-CENTER,Local News,HIGH CREDIBILITY,,EXCELLENT,
Punching Bag Post,https://punchingbagpost.com,sample_snapshots_bias/Punching_Bag_Post_20260608_211358.png,2026-06-10 18:40:09,USA,MIXED,,RIGHT,Politics,MEDIUM CREDIBILITY,,MOSTLY FREE,
Quartz,https://qz.com,sample_snapshots_bias/Quartz.png,2026-06-10 18:40:09,USA,HIGH,1,LEFT-CENTER,Economics/Finance,HIGH CREDIBILITY,,,
Rapid City Journal,https://rapidcityjournal.com,sample_snapshots_bias/Rapid_City_Journal.png,2026-06-10 18:40:09,,HIGH,1,LEAST BIASED,Local News,HIGH CREDIBILITY,,MOSTLY FREE,
Raw Story,https://rawstory.com,sample_snapshots_bias/Raw_Story.png,2026-06-10 18:40:09,USA,HIGH,1,LEFT,Politics,HIGH CREDIBILITY,,,
Reading Chronicle,https://readingchronicle.co.uk,sample_snapshots_bias/Reading_Chronicle.png,2026-06-10 18:40:09,,HIGH,1,LEAST BIASED,Local News,HIGH CREDIBILITY,,MOSTLY FREE,
Redoubt News,https://redoubtnews.com,sample_snapshots_bias/Redoubt_News_20260608_212057.png,2026-06-10 18:40:09,USA,MIXED,,RIGHT,Conspiracy,LOW CREDIBILITY,,MOSTLY FREE,
Reference.com,https://reference.com,sample_snapshots_bias/Reference.com.png,2026-06-10 18:40:09,USA,HIGH,1,LEFT-CENTER,General News,HIGH CREDIBILITY,,MOSTLY FREE,
RenewedRight.com,https://renewedright.com,sample_snapshots_bias/RenewedRight.com_20260608_212134.png,2026-06-10 18:40:09,USA,MIXED,,RIGHT,Conspiracy,LOW CREDIBILITY,,MOSTLY FREE,
River Valley Today,https://rivervalleytoday.com,sample_snapshots_bias/River_Valley_Today_20260608_212426.png,2026-06-10 18:40:09,USA,MIXED,,RIGHT-CENTER,Imposter/Pink Slime,LOW CREDIBILITY,,,
Riverdale Press,https://riverdalepress.com,sample_snapshots_bias/Riverdale_Press.png,2026-06-10 18:40:09,USA,HIGH,1,LEAST BIASED,General News,HIGH CREDIBILITY,,MOSTLY FREE,
Roll Call,https://rollcall.com,sample_snapshots_bias/Roll_Call.png,2026-06-10 18:40:09,USA,VERY HIGH,1,LEAST BIASED,Politics,HIGH CREDIBILITY,,MOSTLY FREE,
SC Minnesota News,https://scminnesotanews.com,sample_snapshots_bias/SC_Minnesota_News_20260608_212558.png,2026-06-10 18:40:09,USA,MIXED,,RIGHT-CENTER,Imposter/Pink Slime,LOW CREDIBILITY,,,
SCOTUSblog,https://scotusblog.com,sample_snapshots_bias/SCOTUSblog.png,2026-06-10 18:40:09,USA,HIGH,1,LEAST BIASED,General News,HIGH CREDIBILITY,,MOSTLY FREE,
SW Louisiana News,https://swlouisiananews.com,sample_snapshots_bias/SW_Louisiana_News_20260608_213350.png,2026-06-10 18:40:09,USA,MIXED,,RIGHT-CENTER,Imposter/Pink Slime,LOW CREDIBILITY,,,
Sentencing Project,https://sentencingproject.org,sample_snapshots_bias/Sentencing_Project.png,2026-06-10 18:40:09,USA,HIGH,1,LEFT-CENTER,Political Advocacy,HIGH CREDIBILITY,,MOSTLY FREE,
Shreveport Reporter,https://shreveportreporter.com,sample_snapshots_bias/Shreveport_Reporter_20260608_214539.png,2026-06-10 18:40:09,USA,MIXED,,RIGHT-CENTER,Imposter/Pink Slime,LOW CREDIBILITY,,,
Sludge,https://readsludge.com,sample_snapshots_bias/Sludge.png,2026-06-10 18:40:09,USA,HIGH,1,LEFT,Politics,HIGH CREDIBILITY,,MOSTLY FREE,
Somerset Daily American,https://dailyamerican.com,sample_snapshots_bias/Somerset_Daily_American.png,2026-06-10 18:40:09,USA,HIGH,1,LEFT-CENTER,Local News,HIGH CREDIBILITY,,,
Sonora Post,https://thesonorapost.com,sample_snapshots_bias/Sonora_Post_20260608_214637.png,2026-06-10 18:40:09,,MIXED,,LEFT-CENTER,Imposter/Pink Slime,LOW CREDIBILITY,,,
South Africa Today,https://southafricatoday.net,sample_snapshots_bias/South_Africa_Today_20260608_214723.png,2026-06-10 18:40:09,USA,MIXED,,RIGHT,Conspiracy,LOW CREDIBILITY,,MOSTLY FREE,
South News Castle News,https://southnewcastlenews.com,sample_snapshots_bias/South_News_Castle_News_20260608_215427.png,2026-06-10 18:40:09,USA,MIXED,,RIGHT-CENTER,Imposter/Pink Slime,LOW CREDIBILITY,,,
South Whidbey Record,https://southwhidbeyrecord.com,sample_snapshots_bias/South_Whidbey_Record.png,2026-06-10 18:40:09,USA,HIGH,1,LEAST BIASED,Local News,HIGH CREDIBILITY,,MOSTLY FREE,
South Winston-Salem News,https://southwinstonsalemnews.com,sample_snapshots_bias/South_Winston-Salem_News_20260608_215821.png,2026-06-10 18:40:09,USA,MIXED,,RIGHT-CENTER,Imposter/Pink Slime,LOW CREDIBILITY,,MOSTLY FREE,
Southwest Orange Observer,https://orangeobserver.com/southwest-orange,sample_snapshots_bias/Southwest_Orange_Observer.png,2026-06-10 18:40:09,USA,HIGH,1,LEAST BIASED,Local News,HIGH CREDIBILITY,,MOSTLY FREE,
Spotlight Delaware,https://spotlightdelaware.org,sample_snapshots_bias/Spotlight_Delaware.png,2026-06-10 18:40:09,USA,HIGH,1,LEFT,Politics,HIGH CREDIBILITY,,MOSTLY FREE,
Stanislaus News,https://stanislausnews.com,sample_snapshots_bias/Stanislaus_News_20260608_220029.png,2026-06-10 18:40:09,USA,MIXED,,RIGHT-CENTER,Imposter/Pink Slime,LOW CREDIBILITY,,,
StateScoop,https://statescoop.com,sample_snapshots_bias/StateScoop.png,2026-06-10 18:40:09,USA,HIGH,1,LEAST BIASED,General News,HIGH CREDIBILITY,,MOSTLY FREE,
Stateline,https://stateline.org,sample_snapshots_bias/Stateline.png,2026-06-10 18:40:09,USA,HIGH,1,LEFT,Politics,HIGH CREDIBILITY,,MOSTLY FREE,
Sturgis-Coldwater News,https://sturgiscoldwaternews.com,sample_snapshots_bias/Sturgis-Coldwater_News_20260608_220116.png,2026-06-10 18:40:09,USA,MIXED,,RIGHT-CENTER,Imposter/Pink Slime,LOW CREDIBILITY,,,
Tharawat Magazine,https://tharawat-magazine.com,sample_snapshots_bias/Tharawat_Magazine.png,2026-06-10 18:40:09,,HIGH,1,RIGHT-CENTER,General News,MEDIUM CREDIBILITY,,TOTAL OPPRESSION,
The Beltway Report,https://thebeltwayreport.com,sample_snapshots_bias/The_Beltway_Report_20260608_220636.png,2026-06-10 18:40:09,USA,MIXED,,RIGHT,Conspiracy,LOW CREDIBILITY,,MOSTLY FREE,
The MacArthur Foundation,https://macfound.org,sample_snapshots_bias/The_MacArthur_Foundation.png,2026-06-10 18:40:09,USA,HIGH,1,LEFT-CENTER,Political Advocacy,HIGH CREDIBILITY,,MOSTLY FREE,
The Prepared,https://theprepared.com,sample_snapshots_bias/The_Prepared.png,2026-06-10 18:40:09,USA,HIGH,1,LEAST BIASED,General News,HIGH CREDIBILITY,,MOSTLY FREE,
The Spectator,https://www.spectator.co.uk/,sample_snapshots_bias/The_Spectator_20260608_221554.png,2026-06-10 18:40:09,,MIXED,,RIGHT-CENTER,General News,HIGH CREDIBILITY,,,
The Vindicator,https://vindy.com,sample_snapshots_bias/The_Vindicator.png,2026-06-10 18:40:09,USA,HIGH,1,LEAST BIASED,Local News,HIGH CREDIBILITY,,MOSTLY FREE,
The Watson Center,https://cnu.edu/wasoncenter/,sample_snapshots_bias/The_Watson_Center.png,2026-06-10 18:40:09,USA,HIGH,1,LEFT-CENTER,Pollsters,HIGH CREDIBILITY,,MOSTLY FREE,
TheRighting,https://therighting.com,sample_snapshots_bias/TheRighting.png,2026-06-10 18:40:09,USA,HIGH,1,LEFT-CENTER,Politics,HIGH CREDIBILITY,,MOSTLY FREE,
Trail Times,https://trailtimes.ca,sample_snapshots_bias/Trail_Times.png,2026-06-10 18:40:09,,HIGH,1,LEFT-CENTER,Local News,HIGH CREDIBILITY,,EXCELLENT,
Tucson Standard,https://tucsonstandard.com,sample_snapshots_bias/Tucson_Standard_20260608_222134.png,2026-06-10 18:40:09,USA,MIXED,,RIGHT-CENTER,Imposter/Pink Slime,LOW CREDIBILITY,,,
U.S. Right to Know,https://usrtk.org,sample_snapshots_bias/U.S._Right_to_Know_20260608_222221.png,2026-06-10 18:40:09,USA,MIXED,,LEFT,Political Advocacy,MEDIUM CREDIBILITY,,,
United States Institute of Peace,https://www.usip.org,sample_snapshots_bias/United_States_Institute_of_Peace.png,2026-06-10 18:40:09,,HIGH,1,LEAST BIASED,Government,HIGH CREDIBILITY,,MOSTLY FREE,
Utah News Dispatch,https://utahnewsdispatch.com,sample_snapshots_bias/Utah_News_Dispatch.png,2026-06-10 18:40:09,USA,HIGH,1,LEFT,Politics,HIGH CREDIBILITY,,MOSTLY FREE,
Vaccine Impact,https://vaccineimpact.com,sample_snapshots_bias/Vaccine_Impact.png,2026-06-10 18:40:09,USA,VERY LOW,0,RIGHT,Pseudoscience,LOW CREDIBILITY,,MOSTLY FREE,
VaccineDamage.News,https://vaccinedamage.news,sample_snapshots_bias/VaccineDamage.News.png,2026-06-10 18:40:09,USA,VERY LOW,0,RIGHT,Pseudoscience,LOW CREDIBILITY,,,
VaccineInjuryNews,https://vaccineinjurynews.com,sample_snapshots_bias/VaccineInjuryNews.png,2026-06-10 18:40:09,USA,VERY LOW,0,RIGHT,Pseudoscience,LOW CREDIBILITY,,,
Virginia Star,https://thevirginiastar.com,sample_snapshots_bias/Virginia_Star_20260608_222636.png,2026-06-10 18:40:09,USA,MIXED,,RIGHT,Imposter/Pink Slime,LOW CREDIBILITY,,,
WBEZ - NPR - Chicago,https://wbez.org,sample_snapshots_bias/WBEZ_-_NPR_-_Chicago.png,2026-06-10 18:40:09,USA,HIGH,1,LEFT-CENTER,General News,HIGH CREDIBILITY,,MOSTLY FREE,
WGPB - Georgia Public Broadcasting,https://gpb.org,sample_snapshots_bias/WGPB_-_Georgia_Public_Broadcasting.png,2026-06-10 18:40:09,USA,HIGH,1,LEFT-CENTER,General News,HIGH CREDIBILITY,,MOSTLY FREE,
WJCT - NPR - Jacksonville,https://news.wjct.org,sample_snapshots_bias/WJCT_-_NPR_-_Jacksonville.png,2026-06-10 18:40:09,USA,HIGH,1,LEFT-CENTER,General News,HIGH CREDIBILITY,,MOSTLY FREE,
Washington State Standard,https://washingtonstatestandard.com,sample_snapshots_bias/Washington_State_Standard.png,2026-06-10 18:40:09,USA,HIGH,1,LEFT,Politics,HIGH CREDIBILITY,,MOSTLY FREE,
West Elgin Chronicle,https://thechronicle-online.com,sample_snapshots_bias/West_Elgin_Chronicle.png,2026-06-10 18:40:09,,HIGH,1,RIGHT-CENTER,Local News,HIGH CREDIBILITY,,EXCELLENT,
West Virginia Public Broadcasting,https://wvpublic.org,sample_snapshots_bias/West_Virginia_Public_Broadcasting.png,2026-06-10 18:40:09,USA,HIGH,1,LEAST BIASED,General News,HIGH CREDIBILITY,TV,,
Wiregrass Times,https://wiregrasstimes.com,sample_snapshots_bias/Wiregrass_Times_20260608_224051.png,2026-06-10 18:40:09,USA,MIXED,,RIGHT-CENTER,Imposter/Pink Slime,LOW CREDIBILITY,,,
Yellow Hammer News,https://yellowhammernews.com,sample_snapshots_bias/Yellow_Hammer_News.png,2026-06-10 18:40:09,USA,HIGH,1,RIGHT,Politics,HIGH CREDIBILITY,,MOSTLY FREE,
